[{"model": "contenttypes.contenttype", "pk": 1, "fields": {"app_label": "admin", "model": "logentry"}}, {"model": "contenttypes.contenttype", "pk": 2, "fields": {"app_label": "auth", "model": "permission"}}, {"model": "contenttypes.contenttype", "pk": 3, "fields": {"app_label": "auth", "model": "group"}}, {"model": "contenttypes.contenttype", "pk": 4, "fields": {"app_label": "auth", "model": "user"}}, {"model": "contenttypes.contenttype", "pk": 5, "fields": {"app_label": "contenttypes", "model": "contenttype"}}, {"model": "contenttypes.contenttype", "pk": 6, "fields": {"app_label": "sessions", "model": "session"}}, {"model": "contenttypes.contenttype", "pk": 7, "fields": {"app_label": "chat", "model": "thread"}}, {"model": "contenttypes.contenttype", "pk": 8, "fields": {"app_label": "chat", "model": "message"}}, {"model": "sessions.session", "pk": "98wqgd33ze7625maaldml9c76ps0t2br", "fields": {"session_data": "N2U0YjAwOTQwMjFmNjIzNWZmOTM3MzA2NzdkNmI0Y2M4ZDEzYWEzNDp7Il9hdXRoX3VzZXJfaWQiOiIxIiwiX2F1dGhfdXNlcl9iYWNrZW5kIjoiZGphbmdvLmNvbnRyaWIuYXV0aC5iYWNrZW5kcy5Nb2RlbEJhY2tlbmQiLCJfYXV0aF91c2VyX2hhc2giOiJkMWE5YTQ4N2Y5MDljNmVkNmRlYTJhZTIxZjg5Y2UxOTdkYzcyZDkzIn0=", "expire_date": "2020-03-18T01:10:52.529Z"}}, {"model": "auth.permission", "pk": 1, "fields": {"name": "Can add log entry", "content_type": 1, "codename": "add_logentry"}}, {"model": "auth.permission", "pk": 2, "fields": {"name": "Can change log entry", "content_type": 1, "codename": "change_logentry"}}, {"model": "auth.permission", "pk": 3, "fields": {"name": "Can delete log entry", "content_type": 1, "codename": "delete_logentry"}}, {"model": "auth.permission", "pk": 4, "fields": {"name": "Can view log entry", "content_type": 1, "codename": "view_logentry"}}, {"model": "auth.permission", "pk": 5, "fields": {"name": "Can add permission", "content_type": 2, "codename": "add_permission"}}, {"model": "auth.permission", "pk": 6, "fields": {"name": "Can change permission", "content_type": 2, "codename": "change_permission"}}, {"model": "auth.permission", "pk": 7, "fields": {"name": "Can delete permission", "content_type": 2, "codename": "delete_permission"}}, {"model": "auth.permission", "pk": 8, "fields": {"name": "Can view permission", "content_type": 2, "codename": "view_permission"}}, {"model": "auth.permission", "pk": 9, "fields": {"name": "Can add group", "content_type": 3, "codename": "add_group"}}, {"model": "auth.permission", "pk": 10, "fields": {"name": "Can change group", "content_type": 3, "codename": "change_group"}}, {"model": "auth.permission", "pk": 11, "fields": {"name": "Can delete group", "content_type": 3, "codename": "delete_group"}}, {"model": "auth.permission", "pk": 12, "fields": {"name": "Can view group", "content_type": 3, "codename": "view_group"}}, {"model": "auth.permission", "pk": 13, "fields": {"name": "Can add user", "content_type": 4, "codename": "add_user"}}, {"model": "auth.permission", "pk": 14, "fields": {"name": "Can change user", "content_type": 4, "codename": "change_user"}}, {"model": "auth.permission", "pk": 15, "fields": {"name": "Can delete user", "content_type": 4, "codename": "delete_user"}}, {"model": "auth.permission", "pk": 16, "fields": {"name": "Can view user", "content_type": 4, "codename": "view_user"}}, {"model": "auth.permission", "pk": 17, "fields": {"name": "Can add content type", "content_type": 5, "codename": "add_contenttype"}}, {"model": "auth.permission", "pk": 18, "fields": {"name": "Can change content type", "content_type": 5, "codename": "change_contenttype"}}, {"model": "auth.permission", "pk": 19, "fields": {"name": "Can delete content type", "content_type": 5, "codename": "delete_contenttype"}}, {"model": "auth.permission", "pk": 20, "fields": {"name": "Can view content type", "content_type": 5, "codename": "view_contenttype"}}, {"model": "auth.permission", "pk": 21, "fields": {"name": "Can add session", "content_type": 6, "codename": "add_session"}}, {"model": "auth.permission", "pk": 22, "fields": {"name": "Can change session", "content_type": 6, "codename": "change_session"}}, {"model": "auth.permission", "pk": 23, "fields": {"name": "Can delete session", "content_type": 6, "codename": "delete_session"}}, {"model": "auth.permission", "pk": 24, "fields": {"name": "Can view session", "content_type": 6, "codename": "view_session"}}, {"model": "auth.permission", "pk": 25, "fields": {"name": "Can add thread", "content_type": 7, "codename": "add_thread"}}, {"model": "auth.permission", "pk": 26, "fields": {"name": "Can change thread", "content_type": 7, "codename": "change_thread"}}, {"model": "auth.permission", "pk": 27, "fields": {"name": "Can delete thread", "content_type": 7, "codename": "delete_thread"}}, {"model": "auth.permission", "pk": 28, "fields": {"name": "Can view thread", "content_type": 7, "codename": "view_thread"}}, {"model": "auth.permission", "pk": 29, "fields": {"name": "Can add message", "content_type": 8, "codename": "add_message"}}, {"model": "auth.permission", "pk": 30, "fields": {"name": "Can change message", "content_type": 8, "codename": "change_message"}}, {"model": "auth.permission", "pk": 31, "fields": {"name": "Can delete message", "content_type": 8, "codename": "delete_message"}}, {"model": "auth.permission", "pk": 32, "fields": {"name": "Can view message", "content_type": 8, "codename": "view_message"}}, {"model": "auth.user", "pk": 1, "fields": {"password": "pbkdf2_sha256$180000$l6dKeJD5vJzL$cGCfAVT62wEA48wJo3qiQsC7VHLgUJR0LlTXXX4GiK0=", "last_login": "2020-03-03T22:16:29.103Z", "is_superuser": true, "username": "andrey", "first_name": "", "last_name": "", "email": "andrey@gmail.com", "is_staff": true, "is_active": true, "date_joined": "2020-03-03T22:16:07.977Z", "groups": [], "user_permissions": []}}, {"model": "auth.user", "pk": 22, "fields": {"password": "(M2TUJfkgs", "last_login": null, "is_superuser": false, "username": "Pamela", "first_name": "Benjamin", "last_name": "Travis", "email": "janetbenton@yahoo.com", "is_staff": false, "is_active": true, "date_joined": "2020-03-04T00:54:50.523Z", "groups": [], "user_permissions": []}}, {"model": "auth.user", "pk": 23, "fields": {"password": "_9e7#ECr@e", "last_login": null, "is_superuser": false, "username": "Lisa", "first_name": "Linda", "last_name": "Pierce", "email": "amberparks@gmail.com", "is_staff": false, "is_active": true, "date_joined": "2020-03-04T00:54:50.599Z", "groups": [], "user_permissions": []}}, {"model": "auth.user", "pk": 24, "fields": {"password": "+3fUQn!wD2", "last_login": null, "is_superuser": false, "username": "Chris", "first_name": "Jennifer", "last_name": "Cabrera", "email": "imorse@johnson.net", "is_staff": false, "is_active": true, "date_joined": "2020-03-04T00:54:50.694Z", "groups": [], "user_permissions": []}}, {"model": "auth.user", "pk": 25, "fields": {"password": "&dhY_mQmq2", "last_login": null, "is_superuser": false, "username": "Jamie", "first_name": "Anthony", "last_name": "Calderon", "email": "randyperez@yahoo.com", "is_staff": false, "is_active": true, "date_joined": "2020-03-04T00:54:50.780Z", "groups": [], "user_permissions": []}}, {"model": "auth.user", "pk": 26, "fields": {"password": "K0G$EN)d#1", "last_login": null, "is_superuser": false, "username": "Benjamin", "first_name": "Alejandra", "last_name": "Camacho", "email": "kelseymiller@yahoo.com", "is_staff": false, "is_active": true, "date_joined": "2020-03-04T00:54:50.869Z", "groups": [], "user_permissions": []}}, {"model": "auth.user", "pk": 27, "fields": {"password": "*5+wCtmP#S", "last_login": null, "is_superuser": false, "username": "Jonathan", "first_name": "Rebecca", "last_name": "Mason", "email": "bradleymorrison@lucero.com", "is_staff": false, "is_active": true, "date_joined": "2020-03-04T00:54:50.970Z", "groups": [], "user_permissions": []}}, {"model": "auth.user", "pk": 28, "fields": {"password": "*4F5h0&Af_", "last_login": null, "is_superuser": false, "username": "Leonard", "first_name": "William", "last_name": "Ross", "email": "williamstyler@brown-berry.com", "is_staff": false, "is_active": true, "date_joined": "2020-03-04T00:54:51.054Z", "groups": [], "user_permissions": []}}, {"model": "auth.user", "pk": 29, "fields": {"password": "@v1lGFe9+o", "last_login": null, "is_superuser": false, "username": "Cynthia", "first_name": "Kyle", "last_name": "Camacho", "email": "dickersonphillip@phillips-schroeder.com", "is_staff": false, "is_active": true, "date_joined": "2020-03-04T00:54:51.145Z", "groups": [], "user_permissions": []}}, {"model": "auth.user", "pk": 30, "fields": {"password": "u9)0V!zxbx", "last_login": null, "is_superuser": false, "username": "Jerome", "first_name": "Ryan", "last_name": "Patton", "email": "aaronclark@moore.com", "is_staff": false, "is_active": true, "date_joined": "2020-03-04T00:54:51.242Z", "groups": [], "user_permissions": []}}, {"model": "auth.user", "pk": 31, "fields": {"password": "7rNcUssY^4", "last_login": null, "is_superuser": false, "username": "Jody", "first_name": "Jessica", "last_name": "White", "email": "ucollins@gmail.com", "is_staff": false, "is_active": true, "date_joined": "2020-03-04T00:54:51.318Z", "groups": [], "user_permissions": []}}, {"model": "auth.user", "pk": 32, "fields": {"password": "M15DqMpg+L", "last_login": null, "is_superuser": false, "username": "Carla", "first_name": "Gene", "last_name": "Williams", "email": "cookangela@skinner.net", "is_staff": false, "is_active": true, "date_joined": "2020-03-04T00:54:51.398Z", "groups": [], "user_permissions": []}}, {"model": "auth.user", "pk": 33, "fields": {"password": "&slpWfclL5", "last_login": null, "is_superuser": false, "username": "Chad", "first_name": "Michele", "last_name": "West", "email": "jeremiah48@graham-oneal.com", "is_staff": false, "is_active": true, "date_joined": "2020-03-04T00:54:51.497Z", "groups": [], "user_permissions": []}}, {"model": "auth.user", "pk": 34, "fields": {"password": "V_s7IejtIc", "last_login": null, "is_superuser": false, "username": "Christopher", "first_name": "Marcus", "last_name": "Myers", "email": "xnorman@green.com", "is_staff": false, "is_active": true, "date_joined": "2020-03-04T00:54:51.596Z", "groups": [], "user_permissions": []}}, {"model": "auth.user", "pk": 35, "fields": {"password": "f1Giuv@N+F", "last_login": null, "is_superuser": false, "username": "Wendy", "first_name": "Pamela", "last_name": "Wilson", "email": "haileyjones@hotmail.com", "is_staff": false, "is_active": true, "date_joined": "2020-03-04T00:54:51.694Z", "groups": [], "user_permissions": []}}, {"model": "auth.user", "pk": 36, "fields": {"password": "#Mjjvy@*j2", "last_login": null, "is_superuser": false, "username": "Chelsea", "first_name": "Ronald", "last_name": "Cox", "email": "cindy43@yahoo.com", "is_staff": false, "is_active": true, "date_joined": "2020-03-04T00:54:51.793Z", "groups": [], "user_permissions": []}}, {"model": "auth.user", "pk": 37, "fields": {"password": "%Rg0PkdO_+", "last_login": null, "is_superuser": false, "username": "Nicholas", "first_name": "Victoria", "last_name": "Nguyen", "email": "robertgolden@walker.net", "is_staff": false, "is_active": true, "date_joined": "2020-03-04T00:54:51.872Z", "groups": [], "user_permissions": []}}, {"model": "auth.user", "pk": 38, "fields": {"password": "#!36TvZfh%", "last_login": null, "is_superuser": false, "username": "Denise", "first_name": "Erica", "last_name": "Hunter", "email": "ericaporter@yahoo.com", "is_staff": false, "is_active": true, "date_joined": "2020-03-04T00:54:51.966Z", "groups": [], "user_permissions": []}}, {"model": "auth.user", "pk": 39, "fields": {"password": "_zS_zMQtq8", "last_login": null, "is_superuser": false, "username": "Steven", "first_name": "John", "last_name": "Gonzalez", "email": "joshua04@patrick.info", "is_staff": false, "is_active": true, "date_joined": "2020-03-04T00:54:52.046Z", "groups": [], "user_permissions": []}}, {"model": "auth.user", "pk": 40, "fields": {"password": "gP5X4y3*&Z", "last_login": null, "is_superuser": false, "username": "Carrie", "first_name": "Stephanie", "last_name": "Reid", "email": "huntdiana@jimenez.com", "is_staff": false, "is_active": true, "date_joined": "2020-03-04T00:54:52.125Z", "groups": [], "user_permissions": []}}, {"model": "auth.user", "pk": 41, "fields": {"password": "a(9gJJWjN#", "last_login": null, "is_superuser": false, "username": "David", "first_name": "Alyssa", "last_name": "Wilson", "email": "mgreen@spencer.com", "is_staff": false, "is_active": true, "date_joined": "2020-03-04T00:54:52.230Z", "groups": [], "user_permissions": []}}, {"model": "auth.user", "pk": 42, "fields": {"password": "^!m3Ygl8NL", "last_login": null, "is_superuser": false, "username": "Timothy", "first_name": "Brett", "last_name": "Goodman", "email": "rhonda07@walker.com", "is_staff": false, "is_active": true, "date_joined": "2020-03-04T00:54:52.319Z", "groups": [], "user_permissions": []}}, {"model": "auth.user", "pk": 43, "fields": {"password": "%19XTzzco_", "last_login": null, "is_superuser": false, "username": "William", "first_name": "Edward", "last_name": "Taylor", "email": "fcummings@gmail.com", "is_staff": false, "is_active": true, "date_joined": "2020-03-04T00:54:52.404Z", "groups": [], "user_permissions": []}}, {"model": "auth.user", "pk": 44, "fields": {"password": "&nAp+Z_S27", "last_login": null, "is_superuser": false, "username": "Amy", "first_name": "Jeffrey", "last_name": "Marsh", "email": "knightdouglas@gonzales.com", "is_staff": false, "is_active": true, "date_joined": "2020-03-04T00:54:52.880Z", "groups": [], "user_permissions": []}}, {"model": "auth.user", "pk": 45, "fields": {"password": "^9VUqT+i4H", "last_login": null, "is_superuser": false, "username": "Joe", "first_name": "Rebecca", "last_name": "Kane", "email": "stanleyalicia@norris.net", "is_staff": false, "is_active": true, "date_joined": "2020-03-04T00:54:52.957Z", "groups": [], "user_permissions": []}}, {"model": "auth.user", "pk": 46, "fields": {"password": "623LRm5y#*", "last_login": null, "is_superuser": false, "username": "Michael", "first_name": "Aaron", "last_name": "Valdez", "email": "amberdecker@gmail.com", "is_staff": false, "is_active": true, "date_joined": "2020-03-04T00:54:53.044Z", "groups": [], "user_permissions": []}}, {"model": "auth.user", "pk": 47, "fields": {"password": "cu%d9NOws7", "last_login": null, "is_superuser": false, "username": "Tara", "first_name": "Scott", "last_name": "Welch", "email": "wesley84@yahoo.com", "is_staff": false, "is_active": true, "date_joined": "2020-03-04T00:54:53.121Z", "groups": [], "user_permissions": []}}, {"model": "auth.user", "pk": 48, "fields": {"password": "_sxC1ZM7*0", "last_login": null, "is_superuser": false, "username": "Christian", "first_name": "Fernando", "last_name": "Edwards", "email": "nicolasward@yahoo.com", "is_staff": false, "is_active": true, "date_joined": "2020-03-04T00:54:53.198Z", "groups": [], "user_permissions": []}}, {"model": "auth.user", "pk": 49, "fields": {"password": "pbkdf2_sha256$180000$vLFxNzQp1jG7$wXvQrsDw4ayFEmsBqHys/4xs1ek3Zz4RfuCaRcDNmTY=", "last_login": null, "is_superuser": false, "username": "Adrian", "first_name": "Roy", "last_name": "Mitchell", "email": "grantandrew@gmail.com", "is_staff": false, "is_active": true, "date_joined": "2020-03-04T00:54:53.290Z", "groups": [], "user_permissions": []}}, {"model": "auth.user", "pk": 50, "fields": {"password": "#vVl2&Fu5a", "last_login": null, "is_superuser": false, "username": "Tommy", "first_name": "Kelly", "last_name": "Walls", "email": "kristi31@gmail.com", "is_staff": false, "is_active": true, "date_joined": "2020-03-04T00:54:53.374Z", "groups": [], "user_permissions": []}}, {"model": "auth.user", "pk": 51, "fields": {"password": "6gSWu^Og_W", "last_login": null, "is_superuser": false, "username": "Steve", "first_name": "Michelle", "last_name": "Ibarra", "email": "tgordon@ortiz.info", "is_staff": false, "is_active": true, "date_joined": "2020-03-04T00:54:53.450Z", "groups": [], "user_permissions": []}}, {"model": "chat.thread", "pk": 36, "fields": {"created": "2020-03-04T00:57:52.752Z", "updated": "2020-03-04T00:57:52.752Z", "name": "Thomas Route", "participants": [25, 39]}}, {"model": "chat.thread", "pk": 37, "fields": {"created": "2020-03-04T00:57:53.022Z", "updated": "2020-03-04T00:57:53.022Z", "name": "Charles Extensions", "participants": [33, 45]}}, {"model": "chat.thread", "pk": 38, "fields": {"created": "2020-03-04T00:57:53.297Z", "updated": "2020-03-04T00:57:53.298Z", "name": "Gerald Terrace", "participants": [31, 46]}}, {"model": "chat.thread", "pk": 39, "fields": {"created": "2020-03-04T00:57:53.607Z", "updated": "2020-03-04T00:57:53.607Z", "name": "Ayers Inlet", "participants": [27, 50]}}, {"model": "chat.thread", "pk": 40, "fields": {"created": "2020-03-04T00:57:53.904Z", "updated": "2020-03-04T00:57:53.904Z", "name": "Zachary Junction", "participants": [27, 32]}}, {"model": "chat.thread", "pk": 41, "fields": {"created": "2020-03-04T00:57:54.223Z", "updated": "2020-03-04T00:57:54.223Z", "name": "Austin Points", "participants": [33, 42]}}, {"model": "chat.thread", "pk": 42, "fields": {"created": "2020-03-04T00:57:54.498Z", "updated": "2020-03-04T00:57:54.499Z", "name": "Sanford Station", "participants": [30, 47]}}, {"model": "chat.thread", "pk": 43, "fields": {"created": "2020-03-04T00:57:54.795Z", "updated": "2020-03-04T00:57:54.795Z", "name": "Harmon Summit", "participants": [29, 32]}}, {"model": "chat.thread", "pk": 44, "fields": {"created": "2020-03-04T00:57:55.071Z", "updated": "2020-03-04T00:57:55.071Z", "name": "Nichols Shoals", "participants": [25, 46]}}, {"model": "chat.thread", "pk": 45, "fields": {"created": "2020-03-04T00:57:55.390Z", "updated": "2020-03-04T00:57:55.390Z", "name": "White River", "participants": [24, 42]}}, {"model": "chat.thread", "pk": 46, "fields": {"created": "2020-03-04T00:57:55.686Z", "updated": "2020-03-04T00:57:55.686Z", "name": "Cherry Lake", "participants": [42, 51]}}, {"model": "chat.thread", "pk": 47, "fields": {"created": "2020-03-04T00:57:55.962Z", "updated": "2020-03-04T00:57:55.962Z", "name": "Laura Walks", "participants": [23, 41]}}, {"model": "chat.thread", "pk": 48, "fields": {"created": "2020-03-04T00:57:56.247Z", "updated": "2020-03-04T00:57:56.247Z", "name": "Brandon Stream", "participants": [31, 37]}}, {"model": "chat.thread", "pk": 49, "fields": {"created": "2020-03-04T00:57:56.501Z", "updated": "2020-03-04T00:57:56.502Z", "name": "Joseph Station", "participants": [25, 40]}}, {"model": "chat.thread", "pk": 50, "fields": {"created": "2020-03-04T00:57:56.766Z", "updated": "2020-03-04T00:57:56.766Z", "name": "White Inlet", "participants": [24, 42]}}, {"model": "chat.thread", "pk": 51, "fields": {"created": "2020-03-04T00:57:57.072Z", "updated": "2020-03-04T00:57:57.072Z", "name": "Tina Street", "participants": [28, 49]}}, {"model": "chat.thread", "pk": 52, "fields": {"created": "2020-03-04T00:57:57.369Z", "updated": "2020-03-04T00:57:57.370Z", "name": "Brown Light", "participants": [24, 26]}}, {"model": "chat.thread", "pk": 53, "fields": {"created": "2020-03-04T00:57:57.689Z", "updated": "2020-03-04T00:57:57.689Z", "name": "Nunez Hill", "participants": [34, 42]}}, {"model": "chat.thread", "pk": 54, "fields": {"created": "2020-03-04T00:57:58.009Z", "updated": "2020-03-04T00:57:58.009Z", "name": "Julie Creek", "participants": [23, 26]}}, {"model": "chat.thread", "pk": 55, "fields": {"created": "2020-03-04T00:57:58.449Z", "updated": "2020-03-04T00:57:58.449Z", "name": "Garcia Bypass", "participants": [26, 42]}}, {"model": "chat.thread", "pk": 56, "fields": {"created": "2020-03-04T01:01:36.677Z", "updated": "2020-03-04T01:01:36.677Z", "name": "Car", "participants": [1, 25]}}, {"model": "chat.message", "pk": 56, "fields": {"sender": 26, "text": "Financial see impact. Interesting sing others second. Available make on serious. Charge painting street seven list control watch.", "thread": 52, "created": "2020-03-04T00:59:01.503Z", "is_read": true}}, {"model": "chat.message", "pk": 57, "fields": {"sender": 46, "text": "Able or exist PM specific civil. Product center season house.\nTwo watch bad heart be station former. Common Democrat have politics.", "thread": 46, "created": "2020-03-04T00:59:01.631Z", "is_read": false}}, {"model": "chat.message", "pk": 58, "fields": {"sender": 47, "text": "Training until study. Tree pay us party. Could age wait citizen later.\nToo mention offer imagine political if. Mission quickly process well order. Level star write fund.", "thread": 46, "created": "2020-03-04T00:59:01.733Z", "is_read": true}}, {"model": "chat.message", "pk": 59, "fields": {"sender": 27, "text": "Model those buy full game. Theory certainly bar than lead subject. Catch visit yet.\nWish away meet century. Fear discuss avoid exactly each.", "thread": 43, "created": "2020-03-04T00:59:01.832Z", "is_read": true}}, {"model": "chat.message", "pk": 60, "fields": {"sender": 28, "text": "Accept onto discuss culture leg game plant. Five market involve kitchen. School improve tax into try.\nMention discuss air artist. Only develop style decade.", "thread": 47, "created": "2020-03-04T00:59:01.940Z", "is_read": true}}, {"model": "chat.message", "pk": 61, "fields": {"sender": 38, "text": "Country meeting machine develop cut over be recently. Sometimes guess rather low. Well leave what less expert up.\nReal star say your sort. Car serious campaign member stock arm.", "thread": 48, "created": "2020-03-04T00:59:02.053Z", "is_read": false}}, {"model": "chat.message", "pk": 62, "fields": {"sender": 29, "text": "Might adult wonder.\nBecome my large blood require sometimes. Similar window skin specific partner nation and prove. Protect issue approach evening color its.", "thread": 46, "created": "2020-03-04T00:59:02.165Z", "is_read": true}}, {"model": "chat.message", "pk": 63, "fields": {"sender": 30, "text": "Service method take lead speak attorney western. Consumer nation behavior list.\nReach until song charge most production sense.", "thread": 49, "created": "2020-03-04T00:59:02.261Z", "is_read": false}}, {"model": "chat.message", "pk": 64, "fields": {"sender": 26, "text": "Sure whatever baby full part produce since city. Leader true teach pick some.\nSerious seat us little second. Want begin fund author.\nDrug hair else door probably.", "thread": 51, "created": "2020-03-04T00:59:02.365Z", "is_read": false}}, {"model": "chat.message", "pk": 65, "fields": {"sender": 31, "text": "Indicate keep make sometimes. Matter hard always turn social six past.\nCenter poor audience woman report message. Claim argue discuss model because music.", "thread": 54, "created": "2020-03-04T00:59:02.493Z", "is_read": true}}, {"model": "chat.message", "pk": 66, "fields": {"sender": 25, "text": "Measure author third college whose test view. Some main throughout program attorney east reduce.\nDecade along meet. Born join piece run. Common article identify man including natural.", "thread": 54, "created": "2020-03-04T00:59:15.890Z", "is_read": false}}, {"model": "chat.message", "pk": 67, "fields": {"sender": 42, "text": "Amount bed month. North many ask none notice explain teach.\nEnjoy statement focus third act film. Better process simply fund cup which five. Important popular season development little enough six.", "thread": 45, "created": "2020-03-04T00:59:15.990Z", "is_read": true}}, {"model": "chat.message", "pk": 68, "fields": {"sender": 38, "text": "Guess from sister quickly. Process up check local let.\nCourse per yet customer color save significant.\nShare may might hold. Rich make letter. Get also allow month letter camera dark.", "thread": 50, "created": "2020-03-04T00:59:16.089Z", "is_read": true}}, {"model": "chat.message", "pk": 69, "fields": {"sender": 44, "text": "View every instead so but control. Address goal dinner yet enjoy agency even. Compare hundred return prepare.\nScientist like focus federal. Company majority remain moment hope before factor.", "thread": 54, "created": "2020-03-04T00:59:16.192Z", "is_read": false}}, {"model": "chat.message", "pk": 70, "fields": {"sender": 30, "text": "Human myself dinner available exist.\nNot speech matter popular. Different us full good establish hear. American great never career stage car ground.", "thread": 45, "created": "2020-03-04T00:59:16.316Z", "is_read": false}}, {"model": "chat.message", "pk": 71, "fields": {"sender": 30, "text": "Star TV not our health nation may. Art however million continue case music. Like beyond officer take site officer boy.", "thread": 43, "created": "2020-03-04T00:59:16.424Z", "is_read": true}}, {"model": "chat.message", "pk": 72, "fields": {"sender": 47, "text": "Series thousand throughout after. Article over must popular use together.\nMore how collection word ask. Professor continue couple project baby. Deal perhaps yet score actually may represent finish.", "thread": 46, "created": "2020-03-04T00:59:16.530Z", "is_read": true}}, {"model": "chat.message", "pk": 73, "fields": {"sender": 29, "text": "Production about coach because. Could often piece expect total present.\nGuy ever million protect camera ask. Gas many than general ability site.", "thread": 46, "created": "2020-03-04T00:59:16.633Z", "is_read": true}}, {"model": "chat.message", "pk": 74, "fields": {"sender": 33, "text": "Fear ask authority hard necessary exactly. A information wall cut three.\nFollow all should music. Check how response stay policy teacher. Marriage include adult close all.", "thread": 45, "created": "2020-03-04T00:59:16.779Z", "is_read": true}}, {"model": "chat.message", "pk": 75, "fields": {"sender": 44, "text": "Community risk care time buy continue. Billion card consider. Your society think affect employee.\nJust agree light wide. Less cut process list ahead case place.", "thread": 55, "created": "2020-03-04T00:59:16.887Z", "is_read": true}}, {"model": "chat.message", "pk": 76, "fields": {"sender": 48, "text": "Account nation view power suggest us situation lawyer. Arrive property respond ahead ten interview. Ask radio home lose move.", "thread": 45, "created": "2020-03-04T00:59:16.985Z", "is_read": true}}, {"model": "chat.message", "pk": 77, "fields": {"sender": 49, "text": "Worker practice allow test heavy. Manager law magazine big. Thank management career. Contain short reach.", "thread": 44, "created": "2020-03-04T00:59:17.097Z", "is_read": false}}, {"model": "chat.message", "pk": 78, "fields": {"sender": 40, "text": "Particularly window argue mention cost. Level establish drive chair could. Six heart around tonight heart claim as.\nWhatever want bar relate. Blood only join Mr modern once on difficult.", "thread": 40, "created": "2020-03-04T00:59:17.209Z", "is_read": true}}, {"model": "chat.message", "pk": 79, "fields": {"sender": 29, "text": "Factor should yes energy head create. Later western about clearly responsibility sure.\nPaper well garden type. Local hold best trade official also anything.", "thread": 54, "created": "2020-03-04T00:59:17.296Z", "is_read": true}}, {"model": "chat.message", "pk": 80, "fields": {"sender": 26, "text": "Key point prevent still. Wall end rule school have present. Car help boy management feel ago newspaper.", "thread": 39, "created": "2020-03-04T00:59:17.407Z", "is_read": false}}, {"model": "chat.message", "pk": 81, "fields": {"sender": 28, "text": "Ever interesting start reduce hard who. Test listen huge head.\nThose perform resource production inside safe whole. Push skill great house seven open what. Material west test direction.", "thread": 38, "created": "2020-03-04T00:59:17.517Z", "is_read": true}}, {"model": "chat.message", "pk": 82, "fields": {"sender": 47, "text": "Guess budget they case during decade. Worry participant black.", "thread": 52, "created": "2020-03-04T00:59:17.621Z", "is_read": true}}, {"model": "chat.message", "pk": 83, "fields": {"sender": 37, "text": "Computer section best today. Tree project heart might special professional.\nConference not everything message. College per success prepare these understand.", "thread": 51, "created": "2020-03-04T00:59:17.734Z", "is_read": true}}, {"model": "chat.message", "pk": 84, "fields": {"sender": 47, "text": "Place would ball person appear. Blue hospital scientist everyone action either sound. Political difficult understand address serve practice require.", "thread": 37, "created": "2020-03-04T00:59:17.845Z", "is_read": false}}, {"model": "chat.message", "pk": 85, "fields": {"sender": 44, "text": "Nature central forward green large career. Wish little car. Present try door study smile human still picture. Protect role everything recently.\nShake career me large may race. End pay miss media.", "thread": 47, "created": "2020-03-04T00:59:17.952Z", "is_read": true}}, {"model": "chat.message", "pk": 86, "fields": {"sender": 26, "text": "Four notice card. Conference concern matter participant. Authority look information.\nHowever bit opportunity vote claim. Standard hour exactly. Political way capital to way.", "thread": 44, "created": "2020-03-04T00:59:18.042Z", "is_read": false}}, {"model": "chat.message", "pk": 87, "fields": {"sender": 46, "text": "Feel find ten fight develop. Authority major three.\nFederal executive note whom probably very. Level other there full.", "thread": 37, "created": "2020-03-04T00:59:18.130Z", "is_read": false}}, {"model": "chat.message", "pk": 88, "fields": {"sender": 32, "text": "Cold them place but old analysis above. Church rule enter late dog performance. And dark fly understand expert local white.", "thread": 48, "created": "2020-03-04T00:59:18.241Z", "is_read": true}}, {"model": "chat.message", "pk": 89, "fields": {"sender": 24, "text": "Exactly crime able two Democrat others form. Information design sure production detail throw remember word.\nBe travel that yeah threat call hospital.", "thread": 46, "created": "2020-03-04T00:59:18.350Z", "is_read": true}}, {"model": "chat.message", "pk": 90, "fields": {"sender": 27, "text": "Situation prove professor describe start fill. Especially center everybody follow night action.\nProfessor spring understand and. Food today economy simple action mother.", "thread": 52, "created": "2020-03-04T00:59:18.459Z", "is_read": true}}, {"model": "chat.message", "pk": 91, "fields": {"sender": 41, "text": "Outside old much chance American free method. Condition save rock interview also morning. Development society PM room change development.", "thread": 42, "created": "2020-03-04T00:59:18.569Z", "is_read": true}}, {"model": "chat.message", "pk": 92, "fields": {"sender": 39, "text": "Fight practice picture officer various in. Political campaign when few. Small travel yes shake area throw.\nStrong force floor eight threat. Court my wait response rate president animal.", "thread": 44, "created": "2020-03-04T00:59:18.681Z", "is_read": true}}, {"model": "chat.message", "pk": 93, "fields": {"sender": 26, "text": "Power indeed your education another push. Summer tough adult new.\nSix similar couple dinner according. Play wonder rather present.\nDecide add plan act break.", "thread": 41, "created": "2020-03-04T00:59:18.785Z", "is_read": true}}, {"model": "chat.message", "pk": 94, "fields": {"sender": 23, "text": "Use start house nice. Deep nothing shoulder behavior play toward old since.\nOrganization language training focus nice century present. Sort hair car work. Region three begin while western.", "thread": 48, "created": "2020-03-04T00:59:18.887Z", "is_read": false}}, {"model": "chat.message", "pk": 95, "fields": {"sender": 31, "text": "Political begin size teach resource education room. Window across fast recently medical sister recently. Hour campaign enjoy each provide college.", "thread": 41, "created": "2020-03-04T00:59:18.987Z", "is_read": true}}, {"model": "chat.message", "pk": 96, "fields": {"sender": 28, "text": "Rate relationship company add sister move situation plan. Professor budget hope discover role follow through physical. Girl Democrat family big old magazine.", "thread": 44, "created": "2020-03-04T00:59:19.089Z", "is_read": true}}, {"model": "chat.message", "pk": 97, "fields": {"sender": 30, "text": "Believe let ahead pretty message none after.\nInformation throughout think area. Thousand policy pattern. Detail after he attack boy soldier trip.", "thread": 46, "created": "2020-03-04T00:59:19.200Z", "is_read": false}}, {"model": "chat.message", "pk": 98, "fields": {"sender": 32, "text": "Money issue draw no mind machine drive. Culture meet exist affect local. Investment note which participant activity challenge training.", "thread": 50, "created": "2020-03-04T00:59:19.363Z", "is_read": true}}, {"model": "chat.message", "pk": 99, "fields": {"sender": 32, "text": "Quality then end activity.\nLong hundred impact act against yard hit. Put end almost democratic partner itself whatever miss.", "thread": 45, "created": "2020-03-04T00:59:19.485Z", "is_read": true}}, {"model": "chat.message", "pk": 100, "fields": {"sender": 44, "text": "Sure dark actually majority key none attention. Anything lawyer surface talk behind.", "thread": 54, "created": "2020-03-04T00:59:19.594Z", "is_read": true}}, {"model": "chat.message", "pk": 101, "fields": {"sender": 34, "text": "Capital position social three tell four price. Surface sea form night. Ready discover dream.\nServe audience pass success.", "thread": 48, "created": "2020-03-04T00:59:19.694Z", "is_read": true}}, {"model": "chat.message", "pk": 102, "fields": {"sender": 23, "text": "Realize right really up.\nMethod in improve. Road various strong.\nBlack pretty strategy consumer together. Term blue out red less something.", "thread": 47, "created": "2020-03-04T00:59:19.792Z", "is_read": true}}, {"model": "chat.message", "pk": 103, "fields": {"sender": 37, "text": "Color fear catch particular away want. It way daughter past ten. Sing base nearly situation policy short.\nSubject political people activity this middle. Thank art letter how thank young.", "thread": 46, "created": "2020-03-04T00:59:19.889Z", "is_read": true}}, {"model": "chat.message", "pk": 104, "fields": {"sender": 39, "text": "Edge race summer time degree professional election. Key summer whose resource in yes attention. Democratic rate central performance.", "thread": 55, "created": "2020-03-04T00:59:19.990Z", "is_read": true}}, {"model": "chat.message", "pk": 105, "fields": {"sender": 41, "text": "Catch there within plan sell agreement interest. Way language forget once safe cultural. Bad recognize item actually. Pick entire boy short.", "thread": 51, "created": "2020-03-04T00:59:20.102Z", "is_read": false}}, {"model": "chat.message", "pk": 106, "fields": {"sender": 35, "text": "Affect key travel game stay. Item different building surface leg young cultural clear. Like contain physical believe.", "thread": 36, "created": "2020-03-04T00:59:20.210Z", "is_read": false}}, {"model": "chat.message", "pk": 107, "fields": {"sender": 33, "text": "Too give suddenly religious American. Week tonight there prevent fill learn.\nWonder under rich already future discover. Second ok beautiful responsibility debate word.", "thread": 37, "created": "2020-03-04T00:59:20.323Z", "is_read": false}}, {"model": "chat.message", "pk": 108, "fields": {"sender": 35, "text": "All bring enjoy relationship who. Learn away image.\nArrive audience fly education yourself. Including fire stay couple rock old. Design who station ok country health lay prove.", "thread": 36, "created": "2020-03-04T00:59:20.431Z", "is_read": true}}, {"model": "chat.message", "pk": 109, "fields": {"sender": 43, "text": "Reveal somebody machine ready off good mother collection. Sit contain power whose according middle. Program young paper.", "thread": 47, "created": "2020-03-04T00:59:20.539Z", "is_read": false}}, {"model": "chat.message", "pk": 110, "fields": {"sender": 29, "text": "Certain my scene actually of after safe. Training cultural first coach officer stock same.\nCity high water whether research worker finish.", "thread": 43, "created": "2020-03-04T00:59:20.629Z", "is_read": true}}, {"model": "chat.message", "pk": 111, "fields": {"sender": 37, "text": "Red north mouth that full together. Sister special again own past.\nTake nature less the than window. Bag until clearly line also. Throw toward laugh should form city. Skin movement ready long their.", "thread": 43, "created": "2020-03-04T00:59:20.742Z", "is_read": false}}, {"model": "chat.message", "pk": 112, "fields": {"sender": 26, "text": "South kind campaign. I write course debate close. Total piece seat short somebody relate other.\nSmall organization member quickly time can best. Add suffer kitchen. Reveal film woman.", "thread": 42, "created": "2020-03-04T00:59:20.839Z", "is_read": false}}, {"model": "chat.message", "pk": 113, "fields": {"sender": 39, "text": "Table response him talk. Door size morning foot. Kid lot indeed back year eye meet traditional.\nSystem maintain each fund somebody. Doctor direction center now several help.", "thread": 40, "created": "2020-03-04T00:59:20.932Z", "is_read": true}}, {"model": "chat.message", "pk": 114, "fields": {"sender": 37, "text": "Approach bad where range while something. Whatever security tend heavy between floor visit. Question where especially indeed likely already. Around drop quite tough language design those.", "thread": 47, "created": "2020-03-04T00:59:21.047Z", "is_read": true}}, {"model": "chat.message", "pk": 115, "fields": {"sender": 50, "text": "Size baby now another fire realize. Attorney war Congress method voice. Behavior church plan trade.", "thread": 39, "created": "2020-03-04T00:59:21.153Z", "is_read": true}}, {"model": "chat.message", "pk": 116, "fields": {"sender": 1, "text": "Another reach interview east clearly rise action all. Enjoy drive vote price nothing manage record. Think Democrat friend life particularly board.", "thread": 49, "created": "2020-03-04T00:59:21.255Z", "is_read": false}}, {"model": "chat.message", "pk": 117, "fields": {"sender": 41, "text": "Similar particular smile road.\nEnvironment fire future instead process with. People else like relationship positive fire community.", "thread": 41, "created": "2020-03-04T00:59:21.357Z", "is_read": true}}, {"model": "chat.message", "pk": 118, "fields": {"sender": 43, "text": "Large mission get check real fish. Spring human drive above paper peace.\nTrial visit wall truth thought. Seek house administration local eye property.", "thread": 52, "created": "2020-03-04T00:59:21.445Z", "is_read": true}}, {"model": "chat.message", "pk": 119, "fields": {"sender": 43, "text": "Act tax across always. Human similar here hotel science. Appear six office sure.\nColor much chair mean.", "thread": 47, "created": "2020-03-04T00:59:21.575Z", "is_read": true}}, {"model": "chat.message", "pk": 120, "fields": {"sender": 34, "text": "Article least site break much of. Important dark discussion.", "thread": 41, "created": "2020-03-04T00:59:21.674Z", "is_read": true}}, {"model": "chat.message", "pk": 121, "fields": {"sender": 30, "text": "Against make meeting. Rule close without out quality near pass maintain.", "thread": 45, "created": "2020-03-04T00:59:21.773Z", "is_read": true}}, {"model": "chat.message", "pk": 122, "fields": {"sender": 26, "text": "Yourself suggest pass forward different hair meeting recognize. Surface type government. Simple box actually project.\nCan nearly movie list discussion half.", "thread": 38, "created": "2020-03-04T00:59:21.883Z", "is_read": true}}, {"model": "chat.message", "pk": 123, "fields": {"sender": 22, "text": "Lawyer which read democratic argue land law machine. Sometimes talk which eat.\nUs nature rich cause each town parent. Southern industry wonder five bar training. Glass deep detail black.", "thread": 54, "created": "2020-03-04T00:59:21.988Z", "is_read": true}}, {"model": "chat.message", "pk": 124, "fields": {"sender": 23, "text": "Model sometimes stock report side today. Reality fight second. Scientist democratic answer later.\nCould parent land. Toward simply rock painting especially.", "thread": 54, "created": "2020-03-04T00:59:22.093Z", "is_read": true}}, {"model": "chat.message", "pk": 125, "fields": {"sender": 26, "text": "Final Congress that his. Oil from add article worry.\nLaugh cut sign I still pick. Second must name project develop issue east. Factor tax door news.", "thread": 37, "created": "2020-03-04T00:59:22.202Z", "is_read": true}}, {"model": "chat.message", "pk": 126, "fields": {"sender": 27, "text": "Here care wish win.\nHim walk recent democratic to must board. Case treatment environment example student.\nMinute seven letter fish ever total into.", "thread": 44, "created": "2020-03-04T00:59:22.311Z", "is_read": true}}, {"model": "chat.message", "pk": 127, "fields": {"sender": 36, "text": "Imagine child speak give issue candidate play. Message which bit matter trip east music.\nStuff treat must treat data skin. Voice red water. Parent such market involve buy important price.", "thread": 46, "created": "2020-03-04T00:59:22.424Z", "is_read": false}}, {"model": "chat.message", "pk": 128, "fields": {"sender": 30, "text": "Picture any say message himself. Investment board college.\nYourself admit long middle. Positive very plant his wind.", "thread": 53, "created": "2020-03-04T00:59:22.531Z", "is_read": true}}, {"model": "chat.message", "pk": 129, "fields": {"sender": 27, "text": "Dog someone where. As especially beyond mother total.\nInclude report decade. Be alone see view fight computer stage.\nLast tell feel west fire. Government difference candidate work recognize.", "thread": 52, "created": "2020-03-04T00:59:22.645Z", "is_read": false}}, {"model": "chat.message", "pk": 130, "fields": {"sender": 46, "text": "Military small usually truth assume room. Rest sense million no writer.\nProduct note possible sign computer. Street vote form.\nPrevent miss as too art again. Look gas answer quickly call.", "thread": 42, "created": "2020-03-04T00:59:22.745Z", "is_read": false}}, {"model": "chat.message", "pk": 131, "fields": {"sender": 44, "text": "Behind smile amount so miss measure. Great skin key whatever treatment blood.\nSkill available modern friend walk top. Establish wide agency glass go imagine should.", "thread": 44, "created": "2020-03-04T00:59:22.844Z", "is_read": true}}, {"model": "chat.message", "pk": 132, "fields": {"sender": 31, "text": "Sense life nation everybody behavior. Scene figure wait west fast model.\nHome manager check. Author million member write anything according hospital. How whom be peace build teacher.", "thread": 41, "created": "2020-03-04T00:59:22.943Z", "is_read": true}}, {"model": "chat.message", "pk": 133, "fields": {"sender": 36, "text": "Beyond travel enjoy discussion let.\nThird soon drop hotel add where present. Until president significant page. Dog read hotel seat marriage that everybody.", "thread": 52, "created": "2020-03-04T00:59:23.039Z", "is_read": false}}, {"model": "chat.message", "pk": 134, "fields": {"sender": 48, "text": "Other control significant. Individual true walk church some PM situation.\nWeight story important surface through. Business possible citizen poor nothing really every authority.", "thread": 52, "created": "2020-03-04T00:59:23.143Z", "is_read": true}}, {"model": "chat.message", "pk": 135, "fields": {"sender": 47, "text": "Certain effect page interesting than. Of black vote director result whom. Hard do ok put will knowledge.\nRock make fish imagine. Degree mouth take street.", "thread": 54, "created": "2020-03-04T00:59:23.241Z", "is_read": false}}, {"model": "chat.message", "pk": 136, "fields": {"sender": 1, "text": "Hit stock wish. System main leg room deal as. Meeting evening show color general contain picture. Key serve school bed risk risk.", "thread": 40, "created": "2020-03-04T01:03:00.246Z", "is_read": false}}, {"model": "chat.message", "pk": 137, "fields": {"sender": 25, "text": "Some text", "thread": 50, "created": "2020-03-04T01:03:53.630Z", "is_read": false}}, {"model": "chat.message", "pk": 138, "fields": {"sender": 33, "text": "Challenge energy crime can sound. Name state building with color eye.\nHundred either design agent time. Instead member see enter light.", "thread": 41, "created": "2020-03-04T01:06:42.873Z", "is_read": false}}, {"model": "chat.message", "pk": 139, "fields": {"sender": 37, "text": "Suffer and new art. Recent general know. Beyond black determine fight blood.\nClose now team family. Long develop reveal enter. Fact manage national whose begin within just.", "thread": 54, "created": "2020-03-04T01:06:42.967Z", "is_read": false}}, {"model": "chat.message", "pk": 140, "fields": {"sender": 38, "text": "Clearly born there blue market. Effect term argue push.\nPractice lawyer right thousand nearly again. Already pretty buy check. Deep stage mother this.\nPlant establish call skill. Book so leg.", "thread": 42, "created": "2020-03-04T01:06:43.055Z", "is_read": false}}, {"model": "chat.message", "pk": 141, "fields": {"sender": 49, "text": "Least political large blood. City serious west chair doctor. Sort low effort. Special good simple point skill cultural.", "thread": 50, "created": "2020-03-04T01:06:43.211Z", "is_read": false}}, {"model": "chat.message", "pk": 142, "fields": {"sender": 36, "text": "Trial feel pretty law. Enter say another morning.\nGlass southern under cut. Surface probably national according level.\nCountry process building Mr. Development indeed general cost consumer.", "thread": 49, "created": "2020-03-04T01:06:43.301Z", "is_read": false}}, {"model": "chat.message", "pk": 143, "fields": {"sender": 30, "text": "Visit continue group top. Blood pass drop management. Return serious let environmental.", "thread": 53, "created": "2020-03-04T01:06:43.389Z", "is_read": false}}, {"model": "chat.message", "pk": 144, "fields": {"sender": 37, "text": "Party brother security end suddenly. Human military any idea. Station however dog American.", "thread": 41, "created": "2020-03-04T01:06:43.501Z", "is_read": false}}, {"model": "chat.message", "pk": 145, "fields": {"sender": 41, "text": "Data degree finish another parent enough he mission. Writer cover ten month already old. Cost strong over article end very. However hospital listen major look available good.", "thread": 53, "created": "2020-03-04T01:06:43.590Z", "is_read": true}}, {"model": "chat.message", "pk": 146, "fields": {"sender": 44, "text": "Money again game gun need.\nThere first machine explain effort. Real pass half before build. Decision view people physical close.", "thread": 37, "created": "2020-03-04T01:06:43.678Z", "is_read": false}}, {"model": "chat.message", "pk": 147, "fields": {"sender": 29, "text": "Indeed thousand coach boy occur.\nGovernment avoid course back. Light upon administration religious.", "thread": 42, "created": "2020-03-04T01:06:43.765Z", "is_read": false}}, {"model": "chat.message", "pk": 148, "fields": {"sender": 34, "text": "Thank price together debate worry federal best today. There become small pattern.", "thread": 45, "created": "2020-03-04T01:06:43.856Z", "is_read": false}}, {"model": "chat.message", "pk": 149, "fields": {"sender": 22, "text": "Tv doctor paper relate wonder note off. Throughout these security off suffer itself none.\nSuddenly which write lawyer car east appear subject.", "thread": 45, "created": "2020-03-04T01:06:43.963Z", "is_read": false}}, {"model": "chat.message", "pk": 150, "fields": {"sender": 23, "text": "Ask early network college. Find study bring national every. Time yeah up kind skill Mr.\nMinute upon everyone suffer city analysis. Option stock myself peace. Style anything general soldier people.", "thread": 40, "created": "2020-03-04T01:06:44.072Z", "is_read": false}}, {"model": "chat.message", "pk": 151, "fields": {"sender": 47, "text": "Finally probably author very finally science. Attack service put.\nColor hour stop some far understand. Sign size effort cut social actually miss cultural.", "thread": 56, "created": "2020-03-04T01:06:44.171Z", "is_read": true}}, {"model": "chat.message", "pk": 152, "fields": {"sender": 26, "text": "Term above just perhaps program six public. Up she their. Go born between particular.", "thread": 55, "created": "2020-03-04T01:06:44.272Z", "is_read": false}}, {"model": "chat.message", "pk": 153, "fields": {"sender": 49, "text": "Product shoulder them. Control budget himself bill lawyer major. Defense before this meet weight. Their study sort step level behind education.", "thread": 39, "created": "2020-03-04T01:06:44.369Z", "is_read": false}}, {"model": "chat.message", "pk": 154, "fields": {"sender": 38, "text": "Office north their mind professional. Hold team few staff such civil west fire. Relate data set reduce law hospital.", "thread": 36, "created": "2020-03-04T01:06:44.470Z", "is_read": false}}, {"model": "chat.message", "pk": 155, "fields": {"sender": 46, "text": "Personal nature front specific song across we sing.\nFocus must friend left statement.", "thread": 41, "created": "2020-03-04T01:06:44.566Z", "is_read": false}}, {"model": "chat.message", "pk": 156, "fields": {"sender": 26, "text": "Media sense dog two decision interesting. Shake with like either.\nSport thank step teach account. Power similar because staff letter. Produce matter ago body recognize know.", "thread": 43, "created": "2020-03-04T01:06:44.678Z", "is_read": false}}, {"model": "chat.message", "pk": 157, "fields": {"sender": 22, "text": "Treat main have organization. Create consumer program song good.\nSame ready public evidence sell. Section course cup by successful husband can. Pass may product letter.", "thread": 47, "created": "2020-03-04T01:06:44.781Z", "is_read": false}}, {"model": "chat.message", "pk": 158, "fields": {"sender": 24, "text": "Down available bill amount.\nGood black generation state resource later participant. Sport stage place. Throw run PM wide.", "thread": 38, "created": "2020-03-04T01:06:44.882Z", "is_read": false}}, {"model": "chat.message", "pk": 159, "fields": {"sender": 33, "text": "Reach hard catch by produce red. New during deep phone recent.\nFamily onto soldier edge president nor husband. Today somebody at myself a special. Military represent right.", "thread": 50, "created": "2020-03-04T01:06:44.987Z", "is_read": false}}, {"model": "chat.message", "pk": 160, "fields": {"sender": 37, "text": "High lose member north. Need off floor your well. Least lay heart PM speak girl.\nPlan we up oil pay wide benefit. Write practice sound second among body.", "thread": 50, "created": "2020-03-04T01:06:45.092Z", "is_read": false}}, {"model": "chat.message", "pk": 161, "fields": {"sender": 34, "text": "National behavior first just moment base. With middle paper sometimes game.\nReady treat hair risk.", "thread": 51, "created": "2020-03-04T01:06:45.209Z", "is_read": false}}, {"model": "chat.message", "pk": 162, "fields": {"sender": 44, "text": "Professional cell decide available reduce election we Congress. Ten learn together right firm environment. Establish artist firm person always.", "thread": 37, "created": "2020-03-04T01:06:45.320Z", "is_read": false}}, {"model": "chat.message", "pk": 163, "fields": {"sender": 32, "text": "Wall poor single answer art. Community serve relate attention pretty scene together. Prevent risk because from fine challenge.\nAir thank bed. Him now sell agree.", "thread": 42, "created": "2020-03-04T01:06:45.415Z", "is_read": false}}, {"model": "chat.message", "pk": 164, "fields": {"sender": 23, "text": "Data someone station level car down follow. Charge imagine that century case without.\nHope start gun strong himself.\nSubject discussion likely news raise. Fear than opportunity.", "thread": 42, "created": "2020-03-04T01:06:45.541Z", "is_read": false}}, {"model": "chat.message", "pk": 165, "fields": {"sender": 1, "text": "Business hard sea the end husband. Address best billion real voice four debate cause.\nHear clearly owner. About present sort cultural near. Which authority executive water hit study yourself college.", "thread": 49, "created": "2020-03-04T01:06:45.647Z", "is_read": false}}, {"model": "chat.message", "pk": 166, "fields": {"sender": 30, "text": "Structure quickly employee student matter deal after direction. Everyone claim woman fear because college.\nDrug floor can. Try western process news. Government where buy.", "thread": 37, "created": "2020-03-04T01:06:45.738Z", "is_read": false}}, {"model": "chat.message", "pk": 167, "fields": {"sender": 27, "text": "Lawyer reality note maintain. Movie wife pull and sound institution ok sit. Choose evening begin case.\nProcess perhaps per want although possible across city. Their nor according much.", "thread": 55, "created": "2020-03-04T01:06:45.844Z", "is_read": false}}, {"model": "chat.message", "pk": 168, "fields": {"sender": 37, "text": "Social authority physical north teacher turn pay. Then skin while ability. Describe wide project factor executive wait dog.", "thread": 50, "created": "2020-03-04T01:06:45.934Z", "is_read": false}}, {"model": "chat.message", "pk": 169, "fields": {"sender": 23, "text": "Action trial energy none instead. Away determine scientist store lawyer money. Occur themselves sound wall.", "thread": 48, "created": "2020-03-04T01:06:46.043Z", "is_read": true}}, {"model": "chat.message", "pk": 170, "fields": {"sender": 45, "text": "Glass factor player raise democratic pretty level. When response cause interview gun animal thus.\nPopular their song best rise. Area party imagine trip fill. At several over community among.", "thread": 52, "created": "2020-03-04T01:06:46.134Z", "is_read": false}}, {"model": "chat.message", "pk": 171, "fields": {"sender": 39, "text": "Next kid as notice lawyer. Research court professional particularly commercial property born.", "thread": 53, "created": "2020-03-04T01:06:46.233Z", "is_read": false}}, {"model": "chat.message", "pk": 172, "fields": {"sender": 27, "text": "Consumer suddenly once thought theory could. Daughter manager against.\nImagine indeed vote company school heart. Item number think. Society fight wide worry company.", "thread": 39, "created": "2020-03-04T01:06:46.329Z", "is_read": true}}, {"model": "chat.message", "pk": 173, "fields": {"sender": 34, "text": "Yet individual painting range cultural certain. Arrive age discussion open center behavior wish.\nChange during catch bad hair similar building. Effect enough inside talk.", "thread": 41, "created": "2020-03-04T01:06:46.429Z", "is_read": false}}, {"model": "chat.message", "pk": 174, "fields": {"sender": 22, "text": "Worry word everyone big drop station away. Cultural finally perhaps allow. Plan huge myself community.", "thread": 37, "created": "2020-03-04T01:06:46.527Z", "is_read": false}}, {"model": "chat.message", "pk": 175, "fields": {"sender": 44, "text": "Building mission owner shake hot company community. Especially arm left direction forget current Mrs.", "thread": 36, "created": "2020-03-04T01:06:46.626Z", "is_read": false}}, {"model": "chat.message", "pk": 176, "fields": {"sender": 41, "text": "Staff home camera. Point serve food beyond. Near local old point instead.\nNetwork candidate wish. Nor agree instead able either. Cover performance nearly.\nPiece chance professor short.", "thread": 40, "created": "2020-03-04T01:06:46.743Z", "is_read": false}}, {"model": "chat.message", "pk": 177, "fields": {"sender": 28, "text": "Work work open own source. Officer daughter something put.\nNothing manage agency perhaps. Probably between education. Allow check amount customer student.", "thread": 43, "created": "2020-03-04T01:06:46.886Z", "is_read": false}}, {"model": "chat.message", "pk": 178, "fields": {"sender": 29, "text": "Week those fine the move agent when. Fish physical military ready system explain family.", "thread": 48, "created": "2020-03-04T01:06:46.998Z", "is_read": false}}, {"model": "chat.message", "pk": 179, "fields": {"sender": 32, "text": "Laugh and gun even cup.\nTraditional especially or. Learn between according opportunity rest as charge and.\nSmall appear share too. Inside free doctor decide.", "thread": 47, "created": "2020-03-04T01:06:47.171Z", "is_read": false}}, {"model": "chat.message", "pk": 180, "fields": {"sender": 51, "text": "Bit enter red threat record take affect agency.", "thread": 36, "created": "2020-03-04T01:06:47.259Z", "is_read": false}}, {"model": "chat.message", "pk": 181, "fields": {"sender": 39, "text": "Mean forward often nation.\nEnjoy stock next rule rate room budget. Side stuff point role ready.", "thread": 51, "created": "2020-03-04T01:06:47.356Z", "is_read": false}}, {"model": "chat.message", "pk": 182, "fields": {"sender": 35, "text": "Serve high government sense doctor. Close set go. Table learn society yes.\nCrime speak under should significant west near. Window green with of left amount. Play charge red sound officer child far.", "thread": 43, "created": "2020-03-04T01:06:47.441Z", "is_read": false}}, {"model": "chat.message", "pk": 183, "fields": {"sender": 48, "text": "Wear again new money heavy accept design. Firm set coach heavy man cover.\nYear instead office deal moment either wrong. Despite happy practice ok reduce girl bar.", "thread": 42, "created": "2020-03-04T01:06:47.563Z", "is_read": false}}, {"model": "chat.message", "pk": 184, "fields": {"sender": 23, "text": "Rich food defense season series nature short again. Be song save herself. Ask cause more pattern source they.", "thread": 53, "created": "2020-03-04T01:06:47.671Z", "is_read": false}}, {"model": "chat.message", "pk": 185, "fields": {"sender": 50, "text": "Admit admit share difficult movement manage coach. Late candidate military across. Charge light allow simple likely catch half.\nCompany stay political cultural political. Wonder open image.", "thread": 56, "created": "2020-03-04T01:06:47.773Z", "is_read": true}}, {"model": "chat.message", "pk": 186, "fields": {"sender": 33, "text": "Decision last wait. Chair program live.\nEnter writer child hold front skill what. Service dinner put its fall ten.", "thread": 49, "created": "2020-03-04T01:06:47.896Z", "is_read": true}}, {"model": "chat.message", "pk": 187, "fields": {"sender": 45, "text": "We state suggest again interesting loss gas. Future head among would record.\nDrop some upon dream. Available others speech perhaps own clearly. Sign run government.", "thread": 46, "created": "2020-03-04T01:06:47.980Z", "is_read": false}}, {"model": "chat.message", "pk": 188, "fields": {"sender": 25, "text": "Thing commercial within however anyone describe walk hospital. Old central soon weight upon poor new. Necessary third act though.", "thread": 41, "created": "2020-03-04T01:06:48.089Z", "is_read": false}}, {"model": "chat.message", "pk": 189, "fields": {"sender": 29, "text": "Tree right special resource do. Last though bill hundred east peace indicate. Keep wide from usually scene nation individual.", "thread": 40, "created": "2020-03-04T01:06:48.201Z", "is_read": false}}, {"model": "chat.message", "pk": 190, "fields": {"sender": 45, "text": "Heavy movement response set road toward. Public fish thousand interest.\nWonder decision admit matter dream quite. Onto position public up others.", "thread": 47, "created": "2020-03-04T01:06:48.310Z", "is_read": false}}, {"model": "chat.message", "pk": 191, "fields": {"sender": 43, "text": "Worry ask suggest account deal rather Mr. Western safe interest including provide.", "thread": 37, "created": "2020-03-04T01:06:48.417Z", "is_read": false}}, {"model": "chat.message", "pk": 192, "fields": {"sender": 38, "text": "Important owner speech. Career part put century generation into throw. Find into give whole democratic.\nStuff drive unit. Across total language way picture share.", "thread": 46, "created": "2020-03-04T01:06:48.524Z", "is_read": false}}, {"model": "chat.message", "pk": 193, "fields": {"sender": 30, "text": "Result friend together day real take. Since author effect standard final modern claim.\nProve pressure run discuss. Huge quality activity we painting painting meet. Those region low.", "thread": 45, "created": "2020-03-04T01:06:48.630Z", "is_read": false}}, {"model": "chat.message", "pk": 194, "fields": {"sender": 46, "text": "Model different nation collection avoid popular my yourself. Possible prevent our paper lay miss full. Today safe cultural budget pattern. Want factor industry trade involve play.", "thread": 48, "created": "2020-03-04T01:06:48.739Z", "is_read": false}}, {"model": "chat.message", "pk": 195, "fields": {"sender": 42, "text": "Policy mother city. Teacher human wish option upon evidence remain. Administration create together very.\nOur ball trial real. Affect business return tax those fill. Three public rise lay practice.", "thread": 55, "created": "2020-03-04T01:06:48.853Z", "is_read": false}}, {"model": "chat.message", "pk": 196, "fields": {"sender": 25, "text": "Option four whose take century suddenly act.\nWe effort collection court prepare power experience down. Evening our seek culture cell throughout central. Group culture by glass cover most.", "thread": 42, "created": "2020-03-04T01:06:48.960Z", "is_read": false}}, {"model": "chat.message", "pk": 197, "fields": {"sender": 37, "text": "Ask sure into most eight avoid. Better general team size source fish gas.\nLocal car bill next. Fly term cost their truth expert.\nVote start degree. Forget again lawyer yourself dog.", "thread": 37, "created": "2020-03-04T01:06:49.061Z", "is_read": false}}, {"model": "chat.message", "pk": 198, "fields": {"sender": 27, "text": "Bar enjoy how seem bring. Through then probably century we.\nSkill race customer kitchen fight among some note. Anything similar probably action.", "thread": 52, "created": "2020-03-04T01:06:49.158Z", "is_read": false}}, {"model": "chat.message", "pk": 199, "fields": {"sender": 40, "text": "Affect idea executive. Minute position beautiful four.\nThree move determine PM. Police determine help claim ever instead. Research how already establish. Lead attack instead somebody.", "thread": 44, "created": "2020-03-04T01:06:49.269Z", "is_read": false}}, {"model": "chat.message", "pk": 200, "fields": {"sender": 1, "text": "Bar tree last good ball tree. Tend fine partner oil hospital heart. Last four military fill.\nCrime itself worker skin listen green suggest. Cost his act pick second against blood free.", "thread": 38, "created": "2020-03-04T01:06:49.367Z", "is_read": false}}, {"model": "chat.message", "pk": 201, "fields": {"sender": 1, "text": "Street major than employee across do science. Seem place full sport value. Memory career certainly do out benefit science.", "thread": 40, "created": "2020-03-04T01:06:49.476Z", "is_read": false}}, {"model": "chat.message", "pk": 202, "fields": {"sender": 23, "text": "Seek new western management measure. Like look land challenge once at.\nDecide later college response possible can. Author result hit discover election.", "thread": 55, "created": "2020-03-04T01:06:49.587Z", "is_read": false}}, {"model": "chat.message", "pk": 203, "fields": {"sender": 36, "text": "Affect benefit federal friend however. Second prevent account top keep.\nMovie capital there loss lead arrive. Class difficult blue baby. Must particularly case pay director game. Left whose economic.", "thread": 47, "created": "2020-03-04T01:06:49.710Z", "is_read": false}}, {"model": "chat.message", "pk": 204, "fields": {"sender": 31, "text": "Yet fill fear first religious. Century us election decide owner. Live week the money talk enough.\nThis region fire already. New line someone cultural red join. Just word friend week.", "thread": 42, "created": "2020-03-04T01:06:49.819Z", "is_read": false}}, {"model": "chat.message", "pk": 205, "fields": {"sender": 44, "text": "Various event story before several. Stand time factor role stuff.\nAppear media interest western everyone. Want true expert event performance. Mr so try discuss.", "thread": 46, "created": "2020-03-04T01:06:49.906Z", "is_read": false}}, {"model": "chat.message", "pk": 206, "fields": {"sender": 27, "text": "Subject visit know movement clearly month measure. President anyone work senior exactly phone medical.", "thread": 55, "created": "2020-03-04T01:06:50.029Z", "is_read": true}}, {"model": "chat.message", "pk": 207, "fields": {"sender": 24, "text": "Across teach season step. Different seem later area law senior. Thought central child impact seem. Capital huge again day.\nCareer lose paper beat yeah. Help herself else expect.", "thread": 38, "created": "2020-03-04T01:06:50.107Z", "is_read": false}}, {"model": "admin.logentry", "pk": 1, "fields": {"action_time": "2020-03-03T22:31:11.467Z", "user": 1, "content_type": 7, "object_id": "1", "object_repr": "Car", "action_flag": 3, "change_message": ""}}, {"model": "admin.logentry", "pk": 2, "fields": {"action_time": "2020-03-03T22:31:11.646Z", "user": 1, "content_type": 7, "object_id": "2", "object_repr": "Car", "action_flag": 3, "change_message": ""}}, {"model": "admin.logentry", "pk": 3, "fields": {"action_time": "2020-03-04T00:48:52.713Z", "user": 1, "content_type": 4, "object_id": "8", "object_repr": "Carlos", "action_flag": 3, "change_message": ""}}, {"model": "admin.logentry", "pk": 4, "fields": {"action_time": "2020-03-04T00:48:52.970Z", "user": 1, "content_type": 4, "object_id": "11", "object_repr": "Christopher", "action_flag": 3, "change_message": ""}}, {"model": "admin.logentry", "pk": 5, "fields": {"action_time": "2020-03-04T00:48:53.069Z", "user": 1, "content_type": 4, "object_id": "20", "object_repr": "Daniel", "action_flag": 3, "change_message": ""}}, {"model": "admin.logentry", "pk": 6, "fields": {"action_time": "2020-03-04T00:48:53.157Z", "user": 1, "content_type": 4, "object_id": "7", "object_repr": "Donald", "action_flag": 3, "change_message": ""}}, {"model": "admin.logentry", "pk": 7, "fields": {"action_time": "2020-03-04T00:48:53.245Z", "user": 1, "content_type": 4, "object_id": "12", "object_repr": "James", "action_flag": 3, "change_message": ""}}, {"model": "admin.logentry", "pk": 8, "fields": {"action_time": "2020-03-04T00:48:53.322Z", "user": 1, "content_type": 4, "object_id": "9", "object_repr": "Janice", "action_flag": 3, "change_message": ""}}, {"model": "admin.logentry", "pk": 9, "fields": {"action_time": "2020-03-04T00:48:53.421Z", "user": 1, "content_type": 4, "object_id": "17", "object_repr": "Jason", "action_flag": 3, "change_message": ""}}, {"model": "admin.logentry", "pk": 10, "fields": {"action_time": "2020-03-04T00:48:53.498Z", "user": 1, "content_type": 4, "object_id": "3", "object_repr": "Jennifer", "action_flag": 3, "change_message": ""}}, {"model": "admin.logentry", "pk": 11, "fields": {"action_time": "2020-03-04T00:48:53.619Z", "user": 1, "content_type": 4, "object_id": "18", "object_repr": "John", "action_flag": 3, "change_message": ""}}, {"model": "admin.logentry", "pk": 12, "fields": {"action_time": "2020-03-04T00:48:53.696Z", "user": 1, "content_type": 4, "object_id": "10", "object_repr": "Kim", "action_flag": 3, "change_message": ""}}, {"model": "admin.logentry", "pk": 13, "fields": {"action_time": "2020-03-04T00:48:53.795Z", "user": 1, "content_type": 4, "object_id": "2", "object_repr": "Lindsay", "action_flag": 3, "change_message": ""}}, {"model": "admin.logentry", "pk": 14, "fields": {"action_time": "2020-03-04T00:48:53.862Z", "user": 1, "content_type": 4, "object_id": "15", "object_repr": "Lindsey", "action_flag": 3, "change_message": ""}}, {"model": "admin.logentry", "pk": 15, "fields": {"action_time": "2020-03-04T00:48:53.960Z", "user": 1, "content_type": 4, "object_id": "16", "object_repr": "Lucas", "action_flag": 3, "change_message": ""}}, {"model": "admin.logentry", "pk": 16, "fields": {"action_time": "2020-03-04T00:48:54.026Z", "user": 1, "content_type": 4, "object_id": "6", "object_repr": "Megan", "action_flag": 3, "change_message": ""}}, {"model": "admin.logentry", "pk": 17, "fields": {"action_time": "2020-03-04T00:48:54.125Z", "user": 1, "content_type": 4, "object_id": "5", "object_repr": "Misty", "action_flag": 3, "change_message": ""}}, {"model": "admin.logentry", "pk": 18, "fields": {"action_time": "2020-03-04T00:48:54.224Z", "user": 1, "content_type": 4, "object_id": "14", "object_repr": "Sarah", "action_flag": 3, "change_message": ""}}, {"model": "admin.logentry", "pk": 19, "fields": {"action_time": "2020-03-04T00:48:54.301Z", "user": 1, "content_type": 4, "object_id": "19", "object_repr": "Stacey", "action_flag": 3, "change_message": ""}}, {"model": "admin.logentry", "pk": 20, "fields": {"action_time": "2020-03-04T00:48:54.379Z", "user": 1, "content_type": 4, "object_id": "4", "object_repr": "Susan", "action_flag": 3, "change_message": ""}}, {"model": "admin.logentry", "pk": 21, "fields": {"action_time": "2020-03-04T00:48:54.466Z", "user": 1, "content_type": 4, "object_id": "13", "object_repr": "Timothy", "action_flag": 3, "change_message": ""}}, {"model": "admin.logentry", "pk": 22, "fields": {"action_time": "2020-03-04T00:48:54.544Z", "user": 1, "content_type": 4, "object_id": "21", "object_repr": "Victoria", "action_flag": 3, "change_message": ""}}, {"model": "admin.logentry", "pk": 23, "fields": {"action_time": "2020-03-04T00:49:09.447Z", "user": 1, "content_type": 8, "object_id": "8", "object_repr": "2020-03-03 23:44:35.788457+00:00 Amount laugh design through yes everything. Song science would.\nBit able specific list low out amount. Affect sense agent contain economy thing word.", "action_flag": 3, "change_message": ""}}, {"model": "admin.logentry", "pk": 24, "fields": {"action_time": "2020-03-04T00:49:09.531Z", "user": 1, "content_type": 8, "object_id": "51", "object_repr": "2020-03-04 00:03:02.288087+00:00 Hit stock wish. System main leg room deal as. Meeting evening show color general contain picture. Key serve school bed risk risk.", "action_flag": 3, "change_message": ""}}, {"model": "admin.logentry", "pk": 25, "fields": {"action_time": "2020-03-04T00:49:09.597Z", "user": 1, "content_type": 8, "object_id": "52", "object_repr": "2020-03-04 00:04:40.892896+00:00 Hit stock wish. System main leg room deal as. Meeting evening show color general contain picture. Key serve school bed risk risk.", "action_flag": 3, "change_message": ""}}, {"model": "admin.logentry", "pk": 26, "fields": {"action_time": "2020-03-04T00:49:09.674Z", "user": 1, "content_type": 8, "object_id": "53", "object_repr": "2020-03-04 00:06:41.543696+00:00 Hit stock wish. System main leg room deal as. Meeting evening show color general contain picture. Key serve school bed risk risk.", "action_flag": 3, "change_message": ""}}, {"model": "admin.logentry", "pk": 27, "fields": {"action_time": "2020-03-04T00:49:24.848Z", "user": 1, "content_type": 7, "object_id": "3", "object_repr": "Car", "action_flag": 3, "change_message": ""}}, {"model": "admin.logentry", "pk": 28, "fields": {"action_time": "2020-03-04T00:49:24.942Z", "user": 1, "content_type": 7, "object_id": "4", "object_repr": "", "action_flag": 3, "change_message": ""}}, {"model": "admin.logentry", "pk": 29, "fields": {"action_time": "2020-03-04T00:49:25.029Z", "user": 1, "content_type": 7, "object_id": "5", "object_repr": "", "action_flag": 3, "change_message": ""}}, {"model": "admin.logentry", "pk": 30, "fields": {"action_time": "2020-03-04T00:49:25.115Z", "user": 1, "content_type": 7, "object_id": "7", "object_repr": "", "action_flag": 3, "change_message": ""}}, {"model": "admin.logentry", "pk": 31, "fields": {"action_time": "2020-03-04T00:49:25.206Z", "user": 1, "content_type": 7, "object_id": "8", "object_repr": "", "action_flag": 3, "change_message": ""}}, {"model": "admin.logentry", "pk": 32, "fields": {"action_time": "2020-03-04T00:49:25.293Z", "user": 1, "content_type": 7, "object_id": "9", "object_repr": "", "action_flag": 3, "change_message": ""}}, {"model": "admin.logentry", "pk": 33, "fields": {"action_time": "2020-03-04T00:49:25.381Z", "user": 1, "content_type": 7, "object_id": "10", "object_repr": "", "action_flag": 3, "change_message": ""}}, {"model": "admin.logentry", "pk": 34, "fields": {"action_time": "2020-03-04T00:49:25.458Z", "user": 1, "content_type": 7, "object_id": "11", "object_repr": "", "action_flag": 3, "change_message": ""}}, {"model": "admin.logentry", "pk": 35, "fields": {"action_time": "2020-03-04T00:49:25.536Z", "user": 1, "content_type": 7, "object_id": "12", "object_repr": "", "action_flag": 3, "change_message": ""}}, {"model": "admin.logentry", "pk": 36, "fields": {"action_time": "2020-03-04T00:49:25.612Z", "user": 1, "content_type": 7, "object_id": "13", "object_repr": "", "action_flag": 3, "change_message": ""}}, {"model": "admin.logentry", "pk": 37, "fields": {"action_time": "2020-03-04T00:49:25.689Z", "user": 1, "content_type": 7, "object_id": "14", "object_repr": "", "action_flag": 3, "change_message": ""}}, {"model": "admin.logentry", "pk": 38, "fields": {"action_time": "2020-03-04T00:49:25.778Z", "user": 1, "content_type": 7, "object_id": "15", "object_repr": "Julie Newman", "action_flag": 3, "change_message": ""}}, {"model": "admin.logentry", "pk": 39, "fields": {"action_time": "2020-03-04T00:49:25.854Z", "user": 1, "content_type": 7, "object_id": "16", "object_repr": "Luke Holmes", "action_flag": 3, "change_message": ""}}, {"model": "admin.logentry", "pk": 40, "fields": {"action_time": "2020-03-04T00:49:25.954Z", "user": 1, "content_type": 7, "object_id": "17", "object_repr": "Lindsey Fisher", "action_flag": 3, "change_message": ""}}, {"model": "admin.logentry", "pk": 41, "fields": {"action_time": "2020-03-04T00:49:26.041Z", "user": 1, "content_type": 7, "object_id": "18", "object_repr": "Caleb Webb", "action_flag": 3, "change_message": ""}}, {"model": "admin.logentry", "pk": 42, "fields": {"action_time": "2020-03-04T00:49:26.117Z", "user": 1, "content_type": 7, "object_id": "19", "object_repr": "Leslie Ortiz", "action_flag": 3, "change_message": ""}}, {"model": "admin.logentry", "pk": 43, "fields": {"action_time": "2020-03-04T00:49:26.196Z", "user": 1, "content_type": 7, "object_id": "20", "object_repr": "Elizabeth Kent", "action_flag": 3, "change_message": ""}}, {"model": "admin.logentry", "pk": 44, "fields": {"action_time": "2020-03-04T00:49:26.273Z", "user": 1, "content_type": 7, "object_id": "21", "object_repr": "Todd Wagner", "action_flag": 3, "change_message": ""}}, {"model": "admin.logentry", "pk": 45, "fields": {"action_time": "2020-03-04T00:49:26.350Z", "user": 1, "content_type": 7, "object_id": "22", "object_repr": "Carmen Cox", "action_flag": 3, "change_message": ""}}, {"model": "admin.logentry", "pk": 46, "fields": {"action_time": "2020-03-04T00:49:26.439Z", "user": 1, "content_type": 7, "object_id": "23", "object_repr": "Shannon Clark", "action_flag": 3, "change_message": ""}}, {"model": "admin.logentry", "pk": 47, "fields": {"action_time": "2020-03-04T00:49:26.537Z", "user": 1, "content_type": 7, "object_id": "24", "object_repr": "Patrick Mitchell", "action_flag": 3, "change_message": ""}}, {"model": "admin.logentry", "pk": 48, "fields": {"action_time": "2020-03-04T00:49:26.636Z", "user": 1, "content_type": 7, "object_id": "25", "object_repr": "Dennis Williams", "action_flag": 3, "change_message": ""}}, {"model": "admin.logentry", "pk": 49, "fields": {"action_time": "2020-03-04T00:49:26.735Z", "user": 1, "content_type": 7, "object_id": "26", "object_repr": "Nichole Bass", "action_flag": 3, "change_message": ""}}, {"model": "admin.logentry", "pk": 50, "fields": {"action_time": "2020-03-04T00:49:26.834Z", "user": 1, "content_type": 7, "object_id": "27", "object_repr": "Timothy Young", "action_flag": 3, "change_message": ""}}, {"model": "admin.logentry", "pk": 51, "fields": {"action_time": "2020-03-04T00:49:26.900Z", "user": 1, "content_type": 7, "object_id": "28", "object_repr": "David Hill", "action_flag": 3, "change_message": ""}}, {"model": "admin.logentry", "pk": 52, "fields": {"action_time": "2020-03-04T00:49:26.967Z", "user": 1, "content_type": 7, "object_id": "29", "object_repr": "Randy Glenn", "action_flag": 3, "change_message": ""}}, {"model": "admin.logentry", "pk": 53, "fields": {"action_time": "2020-03-04T00:49:27.065Z", "user": 1, "content_type": 7, "object_id": "30", "object_repr": "Heather Sanchez", "action_flag": 3, "change_message": ""}}, {"model": "admin.logentry", "pk": 54, "fields": {"action_time": "2020-03-04T00:49:27.175Z", "user": 1, "content_type": 7, "object_id": "31", "object_repr": "Randall Campbell", "action_flag": 3, "change_message": ""}}, {"model": "admin.logentry", "pk": 55, "fields": {"action_time": "2020-03-04T00:49:27.241Z", "user": 1, "content_type": 7, "object_id": "32", "object_repr": "Michelle Sharp", "action_flag": 3, "change_message": ""}}, {"model": "admin.logentry", "pk": 56, "fields": {"action_time": "2020-03-04T00:49:27.308Z", "user": 1, "content_type": 7, "object_id": "33", "object_repr": "Danielle Barajas", "action_flag": 3, "change_message": ""}}, {"model": "admin.logentry", "pk": 57, "fields": {"action_time": "2020-03-04T00:49:27.374Z", "user": 1, "content_type": 7, "object_id": "34", "object_repr": "Rachel Hines", "action_flag": 3, "change_message": ""}}, {"model": "admin.logentry", "pk": 58, "fields": {"action_time": "2020-03-04T00:49:27.438Z", "user": 1, "content_type": 7, "object_id": "35", "object_repr": "Car", "action_flag": 3, "change_message": ""}}, {"model": "admin.logentry", "pk": 59, "fields": {"action_time": "2020-03-04T01:10:52.243Z", "user": 1, "content_type": 4, "object_id": "49", "object_repr": "Adrian", "action_flag": 2, "change_message": "[{\"changed\": {\"fields\": [\"password\"]}}]"}}]